<?xml version='1.0' encoding='utf-8' standalone='yes' ?>
<map>
    <boolean name="set_service" value="false" />
    <boolean name="settings_fully_exit" value="false" />
    <string name="builtin_short_ips">6,203.205.129.101,80,hkshort.weixin.qq.com|6,203.205.147.168,80,hkshort.weixin.qq.com|6,203.205.151.160,80,hkshort.weixin.qq.com|6,203.205.129.101,80,hkextshort.weixin.qq.com|6,203.205.147.168,80,hkextshort.weixin.qq.com|6,203.205.151.160,80,hkextshort.weixin.qq.com|6,127.0.0.1,80,localhost|</string>
    <string name="support.weixin.qq.com">hksupport.weixin.qq.com</string>
    <boolean name="first_launch_weixin" value="false" />
    <int name="default_uin" value="368403523" />
</map>
